{
  "r2": 0.9178647768190523,
  "mae": 11869.166666666664,
  "mape": 0.04015439384692626,
  "n_train": 13,
  "n_test": 4
}