{
  "r2": 0.33639823570378413,
  "mae": 69.98,
  "mape": 0.13877328336519237,
  "n_train": 14,
  "n_test": 4
}